Account Name,Website
Deltek,deltek.com
SAP,http://www.sap.com
Advania,advania.com
BrowserStack,browserstack.com
IFS,ifs.com
EY,ey.com
Fortinet,fortinet.com
Cdk Global,cdkglobal.com
CrowdStrike,crowdstrike.com
HubSpot,hubspot.com
LinkedIn,linkedin.com
OpenText,opentext.com
Workday,workday.com
Zendesk,zendesk.com
Dell Technologies,dell.com
Cisco,http://www.cisco.com
StoneX Group Inc.,stonex.com
Travelers,travelers.com
Broadcom,Broadcom.com
BNY,bny.com
cognizant,cognizant.com
Dominion Energy,dominionenergy.com
AppFolio,appfolio.com
Confluent,confluent.io
Mixpanel,mixpanel.com
SnapLogic,snaplogic.com
Tanium,tanium.com
Birdeye,birdeye.com
Workiva,workiva.com
Meltwater,meltwater.com
WalkMe,walkme.com
Accruent,accruent.com
Braze,braze.com
Dayforce,dayforce.com